Iteration,Cost,Temperature
0,1832899,100
1,1832899,100
2,1832899,100
3,1816282,100
4,1816282,100
5,1793442,100
6,1793442,100
7,1793442,100
8,1793442,100
9,1793442,100
10,1793442,99
11,1714723,99
12,1714723,99
13,1714730,99
14,1714730,99
15,1699228,99
16,1659057,99
17,1659057,99
18,1613464,99
19,1613464,99
20,1613464,94.05
21,1609410,94.05
22,1609410,94.05
23,1602105,94.05
24,1591767,94.05
25,1591126,94.05
26,1591126,94.05
27,1591126,94.05
28,1591126,94.05
29,1591126,94.05
30,1587766,89.3475
31,1587766,89.3475
32,1587766,89.3475
33,1587766,89.3475
34,1587766,89.3475
35,1587766,89.3475
36,1587766,89.3475
37,1587147,89.3475
38,1577948,89.3475
39,1577948,89.3475
40,1577948,88.454
41,1544227,88.454
42,1542415,88.454
43,1532115,88.454
44,1528298,88.454
45,1528298,88.454
46,1528298,88.454
47,1528340,88.454
48,1528340,88.454
49,1528340,88.454
50,1528340,84.0313
51,1519598,84.0313
52,1511065,84.0313
53,1511065,84.0313
54,1506274,84.0313
55,1506274,84.0313
56,1501086,84.0313
57,1501086,84.0313
58,1501086,84.0313
59,1501086,84.0313
60,1501086,79.8298
61,1501086,79.8298
62,1501086,79.8298
63,1501086,79.8298
64,1501086,79.8298
65,1501086,79.8298
66,1501086,79.8298
67,1501086,79.8298
68,1501086,79.8298
69,1501086,79.8298
70,1501086,79.0315
71,1501086,79.0315
72,1491578,79.0315
73,1491578,79.0315
74,1491578,79.0315
75,1491578,79.0315
76,1486854,79.0315
77,1486854,79.0315
78,1486854,79.0315
79,1486854,79.0315
80,1486854,78.2411
81,1484276,78.2411
82,1480486,78.2411
83,1480486,78.2411
84,1480486,78.2411
85,1480486,78.2411
86,1480486,78.2411
87,1480486,78.2411
88,1473406,78.2411
89,1473406,78.2411
90,1473406,77.4587
91,1473406,77.4587
92,1473406,77.4587
93,1473406,77.4587
94,1473406,77.4587
95,1473406,77.4587
96,1473406,77.4587
97,1470103,77.4587
98,1470103,77.4587
99,1470103,77.4587
100,1470087,76.6841
101,1461744,76.6841
102,1461744,76.6841
103,1461744,76.6841
104,1461744,76.6841
105,1461744,76.6841
106,1456907,76.6841
107,1427335,76.6841
108,1427335,76.6841
109,1423042,76.6841
110,1422790,72.8499
111,1422790,72.8499
112,1422790,72.8499
113,1420194,72.8499
114,1415582,72.8499
115,1415155,72.8499
116,1415155,72.8499
117,1398647,72.8499
118,1393485,72.8499
119,1389522,72.8499
120,1389522,66.2934
121,1389522,66.2934
122,1389522,66.2934
123,1389522,66.2934
124,1372377,66.2934
125,1372377,66.2934
126,1372377,66.2934
127,1368683,66.2934
128,1368683,66.2934
129,1368683,66.2934
130,1368369,65.6305
131,1368369,65.6305
132,1365720,65.6305
133,1365720,65.6305
134,1364736,65.6305
135,1360661,65.6305
136,1360661,65.6305
137,1360661,65.6305
138,1360661,65.6305
139,1360661,65.6305
140,1360661,62.349
141,1360661,62.349
142,1354139,62.349
143,1354139,62.349
144,1353844,62.349
145,1353844,62.349
146,1353844,62.349
147,1353844,62.349
148,1352890,62.349
149,1352890,62.349
150,1352890,59.2315
151,1352890,59.2315
152,1352890,59.2315
153,1352608,59.2315
154,1352488,59.2315
155,1352468,59.2315
156,1352414,59.2315
157,1352136,59.2315
158,1352136,59.2315
159,1352136,59.2315
160,1351676,56.27
161,1351573,56.27
162,1351254,56.27
163,1351232,56.27
164,1351083,56.27
165,1350967,56.27
166,1350967,56.27
167,1350967,56.27
168,1350955,56.27
169,1350955,56.27
170,1350296,51.2057
171,1350148,51.2057
172,1350148,51.2057
173,1350165,51.2057
174,1350165,51.2057
175,1350162,51.2057
176,1350162,51.2057
177,1350000,51.2057
178,1349861,51.2057
179,1349770,51.2057
180,1349770,46.5972
181,1349425,46.5972
182,1349400,46.5972
183,1349259,46.5972
184,1349259,46.5972
185,1348878,46.5972
186,1348878,46.5972
187,1348710,46.5972
188,1348022,46.5972
189,1348022,46.5972
190,1347368,44.2673
191,1347368,44.2673
192,1347368,44.2673
193,1346738,44.2673
194,1346738,44.2673
195,1346676,44.2673
196,1346676,44.2673
197,1346688,44.2673
198,1346676,44.2673
199,1346390,44.2673
200,1346320,40.2832
201,1346320,40.2832
202,1346361,40.2832
203,1346361,40.2832
204,1346225,40.2832
205,1346225,40.2832
206,1346225,40.2832
207,1346201,40.2832
208,1346201,40.2832
209,1345832,40.2832
210,1345854,38.2691
211,1345854,38.2691
212,1345854,38.2691
213,1345854,38.2691
214,1344846,38.2691
215,1344846,38.2691
216,1344642,38.2691
217,1344007,38.2691
218,1343983,38.2691
219,1343887,38.2691
220,1343488,36.3556
221,1343488,36.3556
222,1343191,36.3556
223,1343191,36.3556
224,1343175,36.3556
225,1343175,36.3556
226,1343175,36.3556
227,1343112,36.3556
228,1342830,36.3556
229,1342774,36.3556
230,1342774,34.5378
231,1342774,34.5378
232,1342774,34.5378
233,1342774,34.5378
234,1342774,34.5378
235,1342794,34.5378
236,1342794,34.5378
237,1342554,34.5378
238,1342634,34.5378
239,1342523,34.5378
240,1342523,32.8109
241,1342372,32.8109
242,1342372,32.8109
243,1342384,32.8109
244,1342390,32.8109
245,1342390,32.8109
246,1342378,32.8109
247,1342378,32.8109
248,1342029,32.8109
249,1341525,32.8109
250,1341519,31.1704
251,1340990,31.1704
252,1340973,31.1704
253,1340290,31.1704
254,1340290,31.1704
255,1340290,31.1704
256,1340290,31.1704
257,1340290,31.1704
258,1340210,31.1704
259,1340210,31.1704
260,1340210,29.6119
261,1340188,29.6119
262,1340188,29.6119
263,1339816,29.6119
264,1339872,29.6119
265,1339480,29.6119
266,1339121,29.6119
267,1338841,29.6119
268,1338841,29.6119
269,1338841,29.6119
270,1338841,28.1313
271,1338828,28.1313
272,1338627,28.1313
273,1338627,28.1313
274,1338487,28.1313
275,1338487,28.1313
276,1338487,28.1313
277,1338487,28.1313
278,1338465,28.1313
279,1338465,28.1313
280,1338465,26.7247
281,1338490,26.7247
282,1338490,26.7247
283,1338490,26.7247
284,1338490,26.7247
285,1338490,26.7247
286,1338490,26.7247
287,1338490,26.7247
288,1338413,26.7247
289,1338413,26.7247
290,1338311,26.4575
291,1338101,26.4575
292,1338101,26.4575
293,1338101,26.4575
294,1338045,26.4575
295,1338045,26.4575
296,1338022,26.4575
297,1338022,26.4575
298,1338022,26.4575
299,1337886,26.4575
300,1337886,25.1346
301,1337886,25.1346
302,1337886,25.1346
303,1337886,25.1346
304,1337886,25.1346
305,1337886,25.1346
306,1337886,25.1346
307,1337886,25.1346
308,1337712,25.1346
309,1337642,25.1346
310,1337582,24.8833
311,1337198,24.8833
312,1337189,24.8833
313,1337189,24.8833
314,1337189,24.8833
315,1337148,24.8833
316,1337157,24.8833
317,1337157,24.8833
318,1337157,24.8833
319,1336943,24.8833
320,1336943,23.6391
321,1336943,23.6391
322,1336943,23.6391
323,1336943,23.6391
324,1336621,23.6391
325,1336621,23.6391
326,1336621,23.6391
327,1336621,23.6391
328,1336621,23.6391
329,1336171,23.6391
330,1335979,23.4027
331,1335979,23.4027
332,1335679,23.4027
333,1335615,23.4027
334,1334596,23.4027
335,1334596,23.4027
336,1334596,23.4027
337,1334596,23.4027
338,1334596,23.4027
339,1334536,23.4027
340,1334511,22.2326
341,1334511,22.2326
342,1334428,22.2326
343,1334428,22.2326
344,1334428,22.2326
345,1334431,22.2326
346,1333666,22.2326
347,1333666,22.2326
348,1333456,22.2326
349,1333424,22.2326
350,1333316,21.1209
351,1333316,21.1209
352,1333013,21.1209
353,1333013,21.1209
354,1333001,21.1209
355,1332357,21.1209
356,1332357,21.1209
357,1332357,21.1209
358,1332357,21.1209
359,1332357,21.1209
360,1332173,20.0649
361,1332173,20.0649
362,1332029,20.0649
363,1332029,20.0649
364,1332029,20.0649
365,1332029,20.0649
366,1331948,20.0649
367,1331948,20.0649
368,1331948,20.0649
369,1331901,20.0649
370,1331747,19.0616
371,1331499,19.0616
372,1331499,19.0616
373,1331499,19.0616
374,1331499,19.0616
375,1331188,19.0616
376,1331090,19.0616
377,1331090,19.0616
378,1331090,19.0616
379,1331090,19.0616
380,1330864,18.1086
381,1330714,18.1086
382,1330326,18.1086
383,1329896,18.1086
384,1329896,18.1086
385,1329686,18.1086
386,1329686,18.1086
387,1329446,18.1086
388,1329446,18.1086
389,1329446,18.1086
390,1329446,17.2031
391,1329448,17.2031
392,1329448,17.2031
393,1329336,17.2031
394,1329336,17.2031
395,1329336,17.2031
396,1329336,17.2031
397,1329020,17.2031
398,1329020,17.2031
399,1329020,17.2031
400,1328862,17.0311
401,1328138,17.0311
402,1328034,17.0311
403,1328034,17.0311
404,1328034,17.0311
405,1328034,17.0311
406,1328034,17.0311
407,1327714,17.0311
408,1327714,17.0311
409,1327714,17.0311
410,1327714,16.1796
411,1327714,16.1796
412,1327714,16.1796
413,1327714,16.1796
414,1327714,16.1796
415,1327572,16.1796
416,1327572,16.1796
417,1327586,16.1796
418,1327164,16.1796
419,1327164,16.1796
420,1327164,16.0178
421,1326843,16.0178
422,1326843,16.0178
423,1326843,16.0178
424,1325995,16.0178
425,1325995,16.0178
426,1325995,16.0178
427,1325995,16.0178
428,1325995,16.0178
429,1325799,16.0178
430,1325799,15.8576
431,1325799,15.8576
432,1325799,15.8576
433,1325799,15.8576
434,1325799,15.8576
435,1325799,15.8576
436,1325799,15.8576
437,1325785,15.8576
438,1325765,15.8576
439,1325476,15.8576
440,1325476,15.0647
441,1325476,15.0647
442,1325476,15.0647
443,1325496,15.0647
444,1325496,15.0647
445,1325243,15.0647
446,1325243,15.0647
447,1325243,15.0647
448,1325243,15.0647
449,1325222,15.0647
450,1325222,14.3115
451,1325222,14.3115
452,1324916,14.3115
453,1324916,14.3115
454,1324916,14.3115
455,1324916,14.3115
456,1324916,14.3115
457,1324664,14.3115
458,1324664,14.3115
459,1324664,14.3115
460,1324632,14.1683
461,1324632,14.1683
462,1324610,14.1683
463,1324610,14.1683
464,1324610,14.1683
465,1324487,14.1683
466,1324487,14.1683
467,1323635,14.1683
468,1323635,14.1683
469,1323635,14.1683
470,1323635,13.4599
471,1323635,13.4599
472,1323635,13.4599
473,1323635,13.4599
474,1323043,13.4599
475,1323005,13.4599
476,1323005,13.4599
477,1322625,13.4599
478,1322625,13.4599
479,1322526,13.4599
480,1322420,12.7869
481,1322420,12.7869
482,1322420,12.7869
483,1322025,12.7869
484,1321765,12.7869
485,1321765,12.7869
486,1321765,12.7869
487,1321705,12.7869
488,1321566,12.7869
489,1321411,12.7869
490,1321411,12.1476
491,1321411,12.1476
492,1321411,12.1476
493,1320481,12.1476
494,1320481,12.1476
495,1320481,12.1476
496,1320481,12.1476
497,1320481,12.1476
498,1320468,12.1476
499,1320299,12.1476
500,1320299,12.0261
501,1320299,12.0261
502,1320182,12.0261
503,1320053,12.0261
504,1320053,12.0261
505,1320053,12.0261
506,1320053,12.0261
507,1320053,12.0261
508,1320053,12.0261
509,1319453,12.0261
510,1319433,11.9059
511,1319433,11.9059
512,1319125,11.9059
513,1319125,11.9059
514,1318799,11.9059
515,1318812,11.9059
516,1318812,11.9059
517,1318812,11.9059
518,1318604,11.9059
519,1318148,11.9059
520,1318148,11.3106
521,1318144,11.3106
522,1317946,11.3106
523,1317774,11.3106
524,1317478,11.3106
525,1317218,11.3106
526,1317218,11.3106
527,1316753,11.3106
528,1316594,11.3106
529,1316410,11.3106
530,1316434,10.2926
531,1316428,10.2926
532,1316428,10.2926
533,1316184,10.2926
534,1316184,10.2926
535,1316184,10.2926
536,1316184,10.2926
537,1316184,10.2926
538,1316184,10.2926
539,1315628,10.2926
540,1315628,9.77798
541,1315628,9.77798
542,1315628,9.77798
543,1315593,9.77798
544,1315593,9.77798
545,1315593,9.77798
546,1315434,9.77798
547,1315434,9.77798
548,1315081,9.77798
549,1315081,9.77798
550,1314527,9.6802
551,1314527,9.6802
552,1314514,9.6802
553,1314514,9.6802
554,1314263,9.6802
555,1313978,9.6802
556,1313984,9.6802
557,1313984,9.6802
558,1313984,9.6802
559,1313984,9.6802
560,1313364,9.19619
561,1312364,9.19619
562,1311959,9.19619
563,1311629,9.19619
564,1310588,9.19619
565,1310537,9.19619
566,1310537,9.19619
567,1310537,9.19619
568,1310537,9.19619
569,1310537,9.19619
570,1310537,8.73638
571,1310537,8.73638
572,1310115,8.73638
573,1310115,8.73638
574,1310079,8.73638
575,1310079,8.73638
576,1310079,8.73638
577,1310079,8.73638
578,1310079,8.73638
579,1310029,8.73638
580,1310029,8.64901
581,1310023,8.64901
582,1309969,8.64901
583,1309969,8.64901
584,1309969,8.64901
585,1309969,8.64901
586,1309969,8.64901
587,1309834,8.64901
588,1309834,8.64901
589,1309154,8.64901
590,1309154,8.21656
591,1309121,8.21656
592,1309121,8.21656
593,1309121,8.21656
594,1308563,8.21656
595,1308563,8.21656
596,1308563,8.21656
597,1308563,8.21656
598,1308350,8.21656
599,1308326,8.21656
600,1308012,7.80574
601,1308012,7.80574
602,1308012,7.80574
603,1307953,7.80574
604,1307428,7.80574
605,1307428,7.80574
606,1307428,7.80574
607,1307428,7.80574
608,1307186,7.80574
609,1306621,7.80574
610,1306227,7.41545
611,1306227,7.41545
612,1305853,7.41545
613,1305533,7.41545
614,1305103,7.41545
615,1305103,7.41545
616,1305072,7.41545
617,1305072,7.41545
618,1305072,7.41545
619,1305072,7.41545
620,1304439,7.04468
621,1304207,7.04468
622,1304121,7.04468
623,1304121,7.04468
624,1304121,7.04468
625,1304121,7.04468
626,1304121,7.04468
627,1304121,7.04468
628,1303293,7.04468
629,1303098,7.04468
630,1303098,6.69244
631,1303098,6.69244
632,1303098,6.69244
633,1303098,6.69244
634,1303083,6.69244
635,1303083,6.69244
636,1302871,6.69244
637,1302800,6.69244
638,1302800,6.69244
639,1302800,6.69244
640,1302800,6.62552
641,1302705,6.62552
642,1302447,6.62552
643,1302271,6.62552
644,1302183,6.62552
645,1302183,6.62552
646,1302180,6.62552
647,1301424,6.62552
648,1301422,6.62552
649,1301422,6.62552
650,1301426,6.02922
651,1301320,6.02922
652,1301320,6.02922
653,1301320,6.02922
654,1301320,6.02922
655,1301320,6.02922
656,1301320,6.02922
657,1301170,6.02922
658,1301170,6.02922
659,1301170,6.02922
660,1301080,5.72776
661,1301080,5.72776
662,1301080,5.72776
663,1300651,5.72776
664,1300647,5.72776
665,1300477,5.72776
666,1300449,5.72776
667,1300449,5.72776
668,1300449,5.72776
669,1300449,5.72776
670,1300449,5.44137
671,1300449,5.44137
672,1300449,5.44137
673,1300449,5.44137
674,1299904,5.44137
675,1299904,5.44137
676,1299904,5.44137
677,1299472,5.44137
678,1299472,5.44137
679,1299472,5.44137
680,1299472,5.38696
681,1299472,5.38696
682,1299166,5.38696
683,1298847,5.38696
684,1298847,5.38696
685,1298847,5.38696
686,1298847,5.38696
687,1298847,5.38696
688,1298724,5.38696
689,1298724,5.38696
690,1298094,5.33309
691,1297766,5.33309
692,1296774,5.33309
693,1296774,5.33309
694,1296666,5.33309
695,1296593,5.33309
696,1296518,5.33309
697,1296518,5.33309
698,1296518,5.33309
699,1296506,5.33309
700,1296162,4.85311
701,1296162,4.85311
702,1296162,4.85311
703,1295842,4.85311
704,1295842,4.85311
705,1295842,4.85311
706,1295842,4.85311
707,1295779,4.85311
708,1295779,4.85311
709,1295779,4.85311
710,1295779,4.80458
711,1295779,4.80458
712,1295779,4.80458
713,1295770,4.80458
714,1295770,4.80458
715,1295770,4.80458
716,1295770,4.80458
717,1295710,4.80458
718,1295710,4.80458
719,1295545,4.80458
720,1295545,4.75653
721,1295545,4.75653
722,1295545,4.75653
723,1295545,4.75653
724,1295545,4.75653
725,1295545,4.75653
726,1295545,4.75653
727,1295545,4.75653
728,1295545,4.75653
729,1295545,4.75653
730,1295545,7.1348
731,1295367,7.1348
732,1295367,7.1348
733,1295365,7.1348
734,1295365,7.1348
735,1295365,7.1348
736,1295145,7.1348
737,1295145,7.1348
738,1295034,7.1348
739,1295043,7.1348
740,1295043,6.77806
741,1295043,6.77806
742,1295043,6.77806
743,1294656,6.77806
744,1294656,6.77806
745,1294656,6.77806
746,1294656,6.77806
747,1294599,6.77806
748,1294599,6.77806
749,1294556,6.77806
750,1294136,6.71028
751,1294136,6.71028
752,1294136,6.71028
753,1294017,6.71028
754,1293939,6.71028
755,1293939,6.71028
756,1293939,6.71028
757,1293939,6.71028
758,1293464,6.71028
759,1293464,6.71028
760,1293248,6.37477
761,1293248,6.37477
762,1293248,6.37477
763,1293248,6.37477
764,1293248,6.37477
765,1293248,6.37477
766,1293248,6.37477
767,1293168,6.37477
768,1292890,6.37477
769,1292890,6.37477
770,1292662,6.31102
771,1292320,6.31102
772,1291474,6.31102
773,1291474,6.31102
774,1291036,6.31102
775,1291036,6.31102
776,1291036,6.31102
777,1291036,6.31102
778,1290992,6.31102
779,1290992,6.31102
780,1290992,5.99547
781,1290348,5.99547
782,1290348,5.99547
783,1290348,5.99547
784,1290037,5.99547
785,1289899,5.99547
786,1289899,5.99547
787,1289687,5.99547
788,1289687,5.99547
789,1289159,5.99547
790,1288975,5.69569
791,1288818,5.69569
792,1288818,5.69569
793,1288818,5.69569
794,1288818,5.69569
795,1288610,5.69569
796,1288610,5.69569
797,1288610,5.69569
798,1288610,5.69569
799,1288610,5.69569
800,1288610,5.63874
801,1288304,5.63874
802,1287814,5.63874
803,1287463,5.63874
804,1287109,5.63874
805,1287109,5.63874
806,1287109,5.63874
807,1286971,5.63874
808,1286971,5.63874
809,1286818,5.63874
810,1286818,5.3568
811,1286776,5.3568
812,1286734,5.3568
813,1285914,5.3568
814,1285914,5.3568
815,1285914,5.3568
816,1285914,5.3568
817,1285914,5.3568
818,1285430,5.3568
819,1285430,5.3568
820,1285430,5.08896
821,1285430,5.08896
822,1285430,5.08896
823,1284890,5.08896
824,1284733,5.08896
825,1284733,5.08896
826,1284678,5.08896
827,1284086,5.08896
828,1284086,5.08896
829,1283706,5.08896
830,1283228,4.83451
831,1283228,4.83451
832,1283228,4.83451
833,1283051,4.83451
834,1283051,4.83451
835,1283051,4.83451
836,1282893,4.83451
837,1282855,4.83451
838,1282733,4.83451
839,1282539,4.83451
840,1282275,4.59279
841,1282233,4.59279
842,1282233,4.59279
843,1282233,4.59279
844,1282233,4.59279
845,1282233,4.59279
846,1282233,4.59279
847,1282233,4.59279
848,1282115,4.59279
849,1282115,4.59279
850,1282115,4.54686
851,1281789,4.54686
852,1281390,4.54686
853,1281390,4.54686
854,1281390,4.54686
855,1281049,4.54686
856,1281049,4.54686
857,1281049,4.54686
858,1281049,4.54686
859,1281049,4.54686
860,1281051,4.31952
861,1280793,4.31952
862,1280565,4.31952
863,1280565,4.31952
864,1280545,4.31952
865,1280545,4.31952
866,1280545,4.31952
867,1280395,4.31952
868,1280395,4.31952
869,1280395,4.31952
870,1280395,4.10354
871,1280343,4.10354
872,1279826,4.10354
873,1279570,4.10354
874,1279530,4.10354
875,1279530,4.10354
876,1278852,4.10354
877,1278852,4.10354
878,1278392,4.10354
879,1278392,4.10354
880,1278392,3.89836
881,1278392,3.89836
882,1278392,3.89836
883,1278392,3.89836
884,1278383,3.89836
885,1278383,3.89836
886,1278383,3.89836
887,1278383,3.89836
888,1278383,3.89836
889,1278383,3.89836
890,1278163,3.85938
891,1278163,3.85938
892,1278163,3.85938
893,1278163,3.85938
894,1277719,3.85938
895,1277687,3.85938
896,1277687,3.85938
897,1277383,3.85938
898,1277383,3.85938
899,1277383,3.85938
900,1277347,3.66641
901,1277347,3.66641
902,1276702,3.66641
903,1276702,3.66641
904,1276702,3.66641
905,1276702,3.66641
906,1276702,3.66641
907,1276702,3.66641
908,1276505,3.66641
909,1276505,3.66641
910,1276505,3.62975
911,1275756,3.62975
912,1275756,3.62975
913,1275756,3.62975
914,1275756,3.62975
915,1275756,3.62975
916,1275756,3.62975
917,1275756,3.62975
918,1275380,3.62975
919,1275358,3.62975
920,1275358,3.59345
921,1275358,3.59345
922,1275358,3.59345
923,1275358,3.59345
924,1275358,3.59345
925,1275358,3.59345
926,1275358,3.59345
927,1275318,3.59345
928,1275318,3.59345
929,1275318,3.59345
930,1275318,3.55751
931,1275158,3.55751
932,1275158,3.55751
933,1275158,3.55751
934,1275158,3.55751
935,1274278,3.55751
936,1274278,3.55751
937,1274032,3.55751
938,1273930,3.55751
939,1273925,3.55751
940,1273925,3.37964
941,1273565,3.37964
942,1273565,3.37964
943,1273493,3.37964
944,1273493,3.37964
945,1273493,3.37964
946,1273345,3.37964
947,1273226,3.37964
948,1272225,3.37964
949,1272225,3.37964
950,1272225,3.21066
951,1272225,3.21066
952,1271970,3.21066
953,1271680,3.21066
954,1271680,3.21066
955,1271239,3.21066
956,1271239,3.21066
957,1271239,3.21066
958,1270777,3.21066
959,1270777,3.21066
960,1269748,3.05012
961,1269748,3.05012
962,1269748,3.05012
963,1269748,3.05012
964,1269748,3.05012
965,1269748,3.05012
966,1269361,3.05012
967,1269361,3.05012
968,1269361,3.05012
969,1269361,3.05012
970,1269361,3.01962
971,1269361,3.01962
972,1269361,3.01962
973,1269361,3.01962
974,1269361,3.01962
975,1268767,3.01962
976,1268767,3.01962
977,1268619,3.01962
978,1268298,3.01962
979,1268111,3.01962
980,1268111,2.86864
981,1268111,2.86864
982,1268111,2.86864
983,1268111,2.86864
984,1268111,2.86864
985,1268111,2.86864
986,1268111,2.86864
987,1268062,2.86864
988,1268062,2.86864
989,1268062,2.86864
990,1268062,2.83996
991,1267704,2.83996
992,1267704,2.83996
993,1267704,2.83996
994,1267641,2.83996
995,1267641,2.83996
996,1267033,2.83996
997,1267033,2.83996
998,1267031,2.83996
999,1266256,2.83996
1000,1266256,2.69796
1001,1266256,2.69796
1002,1266256,2.69796
1003,1266256,2.69796
1004,1266256,2.69796
1005,1265923,2.69796
1006,1265923,2.69796
1007,1265926,2.69796
1008,1265926,2.69796
1009,1265926,2.69796
1010,1265922,2.67098
1011,1265866,2.67098
1012,1265866,2.67098
1013,1265866,2.67098
1014,1265866,2.67098
1015,1265788,2.67098
1016,1265732,2.67098
1017,1265563,2.67098
1018,1265563,2.67098
1019,1265493,2.67098
1020,1265452,2.53743
1021,1265452,2.53743
1022,1265210,2.53743
1023,1265210,2.53743
1024,1264848,2.53743
1025,1264848,2.53743
1026,1264848,2.53743
1027,1264848,2.53743
1028,1264848,2.53743
1029,1264722,2.53743
1030,1263837,2.41056
1031,1263748,2.41056
1032,1263439,2.41056
1033,1263439,2.41056
1034,1263019,2.41056
1035,1262367,2.41056
1036,1261802,2.41056
1037,1261802,2.41056
1038,1261802,2.41056
1039,1261673,2.41056
1040,1261567,2.19361
1041,1261476,2.19361
1042,1261476,2.19361
1043,1261476,2.19361
1044,1261419,2.19361
1045,1261027,2.19361
1046,1261027,2.19361
1047,1261027,2.19361
1048,1260217,2.19361
1049,1260217,2.19361
1050,1259987,2.08393
1051,1259987,2.08393
1052,1259987,2.08393
1053,1259588,2.08393
1054,1259267,2.08393
1055,1259267,2.08393
1056,1259187,2.08393
1057,1259184,2.08393
1058,1258856,2.08393
1059,1258856,2.08393
1060,1258736,1.89637
1061,1258355,1.89637
1062,1258355,1.89637
1063,1258355,1.89637
1064,1258144,1.89637
1065,1258144,1.89637
1066,1258144,1.89637
1067,1257991,1.89637
1068,1257991,1.89637
1069,1257915,1.89637
1070,1257251,1.80156
1071,1257251,1.80156
1072,1257251,1.80156
1073,1257061,1.80156
1074,1257061,1.80156
1075,1257061,1.80156
1076,1257061,1.80156
1077,1256827,1.80156
1078,1256563,1.80156
1079,1256365,1.80156
1080,1255962,1.71148
1081,1255962,1.71148
1082,1255922,1.71148
1083,1255922,1.71148
1084,1255922,1.71148
1085,1255922,1.71148
1086,1255922,1.71148
1087,1255912,1.71148
1088,1255912,1.71148
1089,1255912,1.71148
1090,1255912,1.69436
1091,1255912,1.69436
1092,1255912,1.69436
1093,1255912,1.69436
1094,1255912,1.69436
1095,1255912,1.69436
1096,1255912,1.69436
1097,1255912,1.69436
1098,1255912,1.69436
1099,1255671,1.69436
1100,1255671,1.67742
1101,1255671,1.67742
1102,1255521,1.67742
1103,1255521,1.67742
1104,1255521,1.67742
1105,1255521,1.67742
1106,1255164,1.67742
1107,1255164,1.67742
1108,1255164,1.67742
1109,1255005,1.67742
1110,1254854,1.66064
1111,1254816,1.66064
1112,1254084,1.66064
1113,1253712,1.66064
1114,1253712,1.66064
1115,1253712,1.66064
1116,1253236,1.66064
1117,1252902,1.66064
1118,1252902,1.66064
1119,1252551,1.66064
1120,1252551,1.51119
1121,1252551,1.51119
1122,1252551,1.51119
1123,1252551,1.51119
1124,1252551,1.51119
1125,1252551,1.51119
1126,1252551,1.51119
1127,1252530,1.51119
1128,1252530,1.51119
1129,1252530,1.51119
1130,1251830,1.49607
1131,1251830,1.49607
1132,1251830,1.49607
1133,1251830,1.49607
1134,1251830,1.49607
1135,1251590,1.49607
1136,1251590,1.49607
1137,1251590,1.49607
1138,1251584,1.49607
1139,1251584,1.49607
1140,1251549,1.48111
1141,1251549,1.48111
1142,1251376,1.48111
1143,1251376,1.48111
1144,1251376,1.48111
1145,1251376,1.48111
1146,1251376,1.48111
1147,1251250,1.48111
1148,1251250,1.48111
1149,1251250,1.48111
1150,1250667,1.4663
1151,1250667,1.4663
1152,1250667,1.4663
1153,1250667,1.4663
1154,1250667,1.4663
1155,1250578,1.4663
1156,1250578,1.4663
1157,1250578,1.4663
1158,1250578,1.4663
1159,1250578,1.4663
1160,1250543,1.45164
1161,1250543,1.45164
1162,1250543,1.45164
1163,1250543,1.45164
1164,1250543,1.45164
1165,1250137,1.45164
1166,1250137,1.45164
1167,1250081,1.45164
1168,1250081,1.45164
1169,1250075,1.45164
1170,1250075,1.37906
1171,1249955,1.37906
1172,1249669,1.37906
1173,1249283,1.37906
1174,1249283,1.37906
1175,1249283,1.37906
1176,1249283,1.37906
1177,1249212,1.37906
1178,1248965,1.37906
1179,1248965,1.37906
1180,1248965,1.31011
1181,1248965,1.31011
1182,1248965,1.31011
1183,1248965,1.31011
1184,1248965,1.31011
1185,1248965,1.31011
1186,1248687,1.31011
1187,1248687,1.31011
1188,1248687,1.31011
1189,1248687,1.31011
1190,1248687,1.297
1191,1248687,1.297
1192,1248687,1.297
1193,1248687,1.297
1194,1248687,1.297
1195,1248687,1.297
1196,1248318,1.297
1197,1247718,1.297
1198,1247718,1.297
1199,1247336,1.297
1200,1247336,1.28403
1201,1247336,1.28403
1202,1247336,1.28403
1203,1246812,1.28403
1204,1246812,1.28403
1205,1246814,1.28403
1206,1246814,1.28403
1207,1246406,1.28403
1208,1246406,1.28403
1209,1246406,1.28403
1210,1246406,1.21983
1211,1246406,1.21983
1212,1246406,1.21983
1213,1246406,1.21983
1214,1246406,1.21983
1215,1246406,1.21983
1216,1246406,1.21983
1217,1246406,1.21983
1218,1246406,1.21983
1219,1245980,1.21983
1220,1245980,1.20763
1221,1245868,1.20763
1222,1245868,1.20763
1223,1245868,1.20763
1224,1245868,1.20763
1225,1245222,1.20763
1226,1245222,1.20763
1227,1245222,1.20763
1228,1245222,1.20763
1229,1245222,1.20763
1230,1245222,1.19556
1231,1245222,1.19556
1232,1245166,1.19556
1233,1245166,1.19556
1234,1245166,1.19556
1235,1244854,1.19556
1236,1244854,1.19556
1237,1244854,1.19556
1238,1244854,1.19556
1239,1244854,1.19556
1240,1244854,1.1836
1241,1244626,1.1836
1242,1244626,1.1836
1243,1244440,1.1836
1244,1244440,1.1836
1245,1244440,1.1836
1246,1244205,1.1836
1247,1244171,1.1836
1248,1244157,1.1836
1249,1244157,1.1836
1250,1244034,1.12442
1251,1244034,1.12442
1252,1244032,1.12442
1253,1244032,1.12442
1254,1244032,1.12442
1255,1244032,1.12442
1256,1244032,1.12442
1257,1243763,1.12442
1258,1243738,1.12442
1259,1243183,1.12442
1260,1243165,1.0682
1261,1242895,1.0682
1262,1242895,1.0682
1263,1242895,1.0682
1264,1242895,1.0682
1265,1242895,1.0682
1266,1242895,1.0682
1267,1242895,1.0682
1268,1242895,1.0682
1269,1242757,1.0682
1270,1242089,1.05752
1271,1242089,1.05752
1272,1242059,1.05752
1273,1242059,1.05752
1274,1242059,1.05752
1275,1241891,1.05752
1276,1241609,1.05752
1277,1241609,1.05752
1278,1241608,1.05752
1279,1241608,1.05752
1280,1241608,1.00464
1281,1241608,1.00464
1282,1241608,1.00464
1283,1241608,1.00464
1284,1241571,1.00464
1285,1241571,1.00464
1286,1241571,1.00464
1287,1241571,1.00464
1288,1241571,1.00464
1289,1241571,1.00464
1290,1241310,0.994596
1291,1241310,0.994596
1292,1241310,0.994596
1293,1241310,0.994596
1294,1241310,0.994596
1295,1241269,0.994596
1296,1241065,0.994596
1297,1240695,0.994596
1298,1240695,0.994596
1299,1240695,0.994596
1300,1240695,0.944867
1301,1240695,0.944867
1302,1240679,0.944867
1303,1239934,0.944867
1304,1239775,0.944867
1305,1239200,0.944867
1306,1239200,0.944867
1307,1239200,0.944867
1308,1238758,0.944867
1309,1238428,0.944867
1310,1238346,0.897623
1311,1238346,0.897623
1312,1238312,0.897623
1313,1238312,0.897623
1314,1238312,0.897623
1315,1238312,0.897623
1316,1238312,0.897623
1317,1238312,0.897623
1318,1237960,0.897623
1319,1237960,0.897623
1320,1236971,0.888647
1321,1236971,0.888647
1322,1236971,0.888647
1323,1236971,0.888647
1324,1236971,0.888647
1325,1236971,0.888647
1326,1236659,0.888647
1327,1236659,0.888647
1328,1236599,0.888647
1329,1236599,0.888647
1330,1236545,0.844215
1331,1236545,0.844215
1332,1235973,0.844215
1333,1235701,0.844215
1334,1235385,0.844215
1335,1235385,0.844215
1336,1235385,0.844215
1337,1235385,0.844215
1338,1234886,0.844215
1339,1234886,0.844215
1340,1234886,0.802004
1341,1234886,0.802004
1342,1234886,0.802004
1343,1234834,0.802004
1344,1234834,0.802004
1345,1234834,0.802004
1346,1234834,0.802004
1347,1234626,0.802004
1348,1234626,0.802004
1349,1234626,0.802004
1350,1234626,0.793984
1351,1234626,0.793984
1352,1234569,0.793984
1353,1234569,0.793984
1354,1234569,0.793984
1355,1234569,0.793984
1356,1234569,0.793984
1357,1234569,0.793984
1358,1234569,0.793984
1359,1234527,0.793984
1360,1234527,0.786044
1361,1234527,0.786044
1362,1234527,0.786044
1363,1234527,0.786044
1364,1234527,0.786044
1365,1234527,0.786044
1366,1234527,0.786044
1367,1234527,0.786044
1368,1234527,0.786044
1369,1234527,0.786044
1370,1234527,1.17907
1371,1234497,1.17907
1372,1234497,1.17907
1373,1234344,1.17907
1374,1234344,1.17907
1375,1234344,1.17907
1376,1233964,1.17907
1377,1233964,1.17907
1378,1233964,1.17907
1379,1233964,1.17907
1380,1233964,1.16728
1381,1233964,1.16728
1382,1233964,1.16728
1383,1233964,1.16728
1384,1233964,1.16728
1385,1233964,1.16728
1386,1233966,1.16728
1387,1233966,1.16728
1388,1233594,1.16728
1389,1233594,1.16728
1390,1233329,1.1556
1391,1233329,1.1556
1392,1233329,1.1556
1393,1233329,1.1556
1394,1233329,1.1556
1395,1233329,1.1556
1396,1233329,1.1556
1397,1233329,1.1556
1398,1233329,1.1556
1399,1233329,1.1556
1400,1233329,1.14405
1401,1233327,1.14405
1402,1233327,1.14405
1403,1233327,1.14405
1404,1233327,1.14405
1405,1233327,1.14405
1406,1233327,1.14405
1407,1233327,1.14405
1408,1233273,1.14405
1409,1233273,1.14405
1410,1233228,1.13261
1411,1233228,1.13261
1412,1233228,1.13261
1413,1233228,1.13261
1414,1233228,1.13261
1415,1233228,1.13261
1416,1233228,1.13261
1417,1232620,1.13261
1418,1232620,1.13261
1419,1232379,1.13261
1420,1232379,1.12128
1421,1232379,1.12128
1422,1232379,1.12128
1423,1232379,1.12128
1424,1232167,1.12128
1425,1232167,1.12128
1426,1232121,1.12128
1427,1232121,1.12128
1428,1232121,1.12128
1429,1232121,1.12128
1430,1232121,1.11007
1431,1232026,1.11007
1432,1232026,1.11007
1433,1231562,1.11007
1434,1231488,1.11007
1435,1230883,1.11007
1436,1229828,1.11007
1437,1229828,1.11007
1438,1229828,1.11007
1439,1229798,1.11007
1440,1229798,1.05456
1441,1229692,1.05456
1442,1229692,1.05456
1443,1229692,1.05456
1444,1229692,1.05456
1445,1229692,1.05456
1446,1229692,1.05456
1447,1229692,1.05456
1448,1229692,1.05456
1449,1229692,1.05456
1450,1229692,1.04402
1451,1229608,1.04402
1452,1229215,1.04402
1453,1229009,1.04402
1454,1229009,1.04402
1455,1228997,1.04402
1456,1228614,1.04402
1457,1228614,1.04402
1458,1228614,1.04402
1459,1228614,1.04402
1460,1228394,0.991817
1461,1228394,0.991817
1462,1227938,0.991817
1463,1227938,0.991817
1464,1227935,0.991817
1465,1227935,0.991817
1466,1227935,0.991817
1467,1227571,0.991817
1468,1227571,0.991817
1469,1227571,0.991817
1470,1227571,0.942227
1471,1227496,0.942227
1472,1227496,0.942227
1473,1227496,0.942227
1474,1226883,0.942227
1475,1226883,0.942227
1476,1226883,0.942227
1477,1226883,0.942227
1478,1226883,0.942227
1479,1226883,0.942227
1480,1226883,0.932804
1481,1226749,0.932804
1482,1226723,0.932804
1483,1226723,0.932804
1484,1226723,0.932804
1485,1226723,0.932804
1486,1226723,0.932804
1487,1226723,0.932804
1488,1226723,0.932804
1489,1226723,0.932804
1490,1226178,0.923476
1491,1226178,0.923476
1492,1226115,0.923476
1493,1226115,0.923476
1494,1226115,0.923476
1495,1226115,0.923476
1496,1225823,0.923476
1497,1225823,0.923476
1498,1225823,0.923476
1499,1225823,0.923476
1500,1225823,0.914241
1501,1225823,0.914241
1502,1225317,0.914241
1503,1225317,0.914241
1504,1225317,0.914241
1505,1225317,0.914241
1506,1225317,0.914241
1507,1224877,0.914241
1508,1224877,0.914241
1509,1224877,0.914241
1510,1224877,0.905099
1511,1224877,0.905099
1512,1224877,0.905099
1513,1224877,0.905099
1514,1224877,0.905099
1515,1224533,0.905099
1516,1224533,0.905099
1517,1224533,0.905099
1518,1224471,0.905099
1519,1224274,0.905099
1520,1224274,0.896048
1521,1224235,0.896048
1522,1224235,0.896048
1523,1224235,0.896048
1524,1224235,0.896048
1525,1224235,0.896048
1526,1224235,0.896048
1527,1224235,0.896048
1528,1224235,0.896048
1529,1224235,0.896048
1530,1224235,0.887088
1531,1224235,0.887088
1532,1224235,0.887088
1533,1224235,0.887088
1534,1224235,0.887088
1535,1224235,0.887088
1536,1224235,0.887088
1537,1224235,0.887088
1538,1224204,0.887088
1539,1224052,0.887088
1540,1224052,0.878217
1541,1224052,0.878217
1542,1224052,0.878217
1543,1223820,0.878217
1544,1223778,0.878217
1545,1223778,0.878217
1546,1223653,0.878217
1547,1223653,0.878217
1548,1223653,0.878217
1549,1223653,0.878217
1550,1223653,0.869435
1551,1223653,0.869435
1552,1223399,0.869435
1553,1223399,0.869435
1554,1223399,0.869435
1555,1223399,0.869435
1556,1223287,0.869435
1557,1223287,0.869435
1558,1223287,0.869435
1559,1222766,0.869435
1560,1222763,0.86074
1561,1222763,0.86074
1562,1222763,0.86074
1563,1222763,0.86074
1564,1222763,0.86074
1565,1222227,0.86074
1566,1222227,0.86074
1567,1222227,0.86074
1568,1222227,0.86074
1569,1222227,0.86074
1570,1222227,0.852133
1571,1222227,0.852133
1572,1222227,0.852133
1573,1222227,0.852133
1574,1222227,0.852133
1575,1222227,0.852133
1576,1222227,0.852133
1577,1222227,0.852133
1578,1222227,0.852133
1579,1222227,0.852133
1580,1222227,1.2782
1581,1222227,1.2782
1582,1222227,1.2782
1583,1222227,1.2782
1584,1222227,1.2782
1585,1222227,1.2782
1586,1222227,1.2782
1587,1222226,1.2782
1588,1222226,1.2782
1589,1222226,1.2782
1590,1222226,1.26542
1591,1222226,1.26542
1592,1222226,1.26542
1593,1222226,1.26542
1594,1222226,1.26542
1595,1222226,1.26542
1596,1222205,1.26542
1597,1222205,1.26542
1598,1222205,1.26542
1599,1221667,1.26542
1600,1221667,1.25276
1601,1221461,1.25276
1602,1221461,1.25276
1603,1221461,1.25276
1604,1221381,1.25276
1605,1220864,1.25276
1606,1220864,1.25276
1607,1220864,1.25276
1608,1220864,1.25276
1609,1220864,1.25276
1610,1220864,1.24024
1611,1220860,1.24024
1612,1220860,1.24024
1613,1220860,1.24024
1614,1220860,1.24024
1615,1220860,1.24024
1616,1220492,1.24024
1617,1220492,1.24024
1618,1220492,1.24024
1619,1220492,1.24024
1620,1220492,1.22783
1621,1219872,1.22783
1622,1219872,1.22783
1623,1219872,1.22783
1624,1219540,1.22783
1625,1219041,1.22783
1626,1219024,1.22783
1627,1219024,1.22783
1628,1218424,1.22783
1629,1218262,1.22783
1630,1218123,1.16644
1631,1217773,1.16644
1632,1217773,1.16644
1633,1217619,1.16644
1634,1217619,1.16644
1635,1217619,1.16644
1636,1217619,1.16644
1637,1217619,1.16644
1638,1217619,1.16644
1639,1217589,1.16644
1640,1217589,1.10812
1641,1217589,1.10812
1642,1217589,1.10812
1643,1217589,1.10812
1644,1217590,1.10812
1645,1217590,1.10812
1646,1217590,1.10812
1647,1217342,1.10812
1648,1217342,1.10812
1649,1217342,1.10812
1650,1217342,1.09704
1651,1217342,1.09704
1652,1217342,1.09704
1653,1217342,1.09704
1654,1217342,1.09704
1655,1217342,1.09704
1656,1217228,1.09704
1657,1216393,1.09704
1658,1216393,1.09704
1659,1216393,1.09704
1660,1216393,1.08607
1661,1216393,1.08607
1662,1216377,1.08607
1663,1216377,1.08607
1664,1216377,1.08607
1665,1216097,1.08607
1666,1216097,1.08607
1667,1215376,1.08607
1668,1215191,1.08607
1669,1215191,1.08607
1670,1214871,1.03176
1671,1214691,1.03176
1672,1214691,1.03176
1673,1214691,1.03176
1674,1214556,1.03176
1675,1214556,1.03176
1676,1214556,1.03176
1677,1214556,1.03176
1678,1214556,1.03176
1679,1214556,1.03176
1680,1214456,0.980176
1681,1214456,0.980176
1682,1214456,0.980176
1683,1214456,0.980176
1684,1214456,0.980176
1685,1214388,0.980176
1686,1214388,0.980176
1687,1214388,0.980176
1688,1214000,0.980176
1689,1214000,0.980176
1690,1213893,0.970374
1691,1213893,0.970374
1692,1213893,0.970374
1693,1213653,0.970374
1694,1213653,0.970374
1695,1213554,0.970374
1696,1213554,0.970374
1697,1213253,0.970374
1698,1213253,0.970374
1699,1213118,0.970374
1700,1213118,0.921856
1701,1213118,0.921856
1702,1213118,0.921856
1703,1213118,0.921856
1704,1213052,0.921856
1705,1213052,0.921856
1706,1212752,0.921856
1707,1212644,0.921856
1708,1212639,0.921856
1709,1212639,0.921856
1710,1212639,0.875763
1711,1212639,0.875763
1712,1212638,0.875763
1713,1212638,0.875763
1714,1212638,0.875763
1715,1211873,0.875763
1716,1211803,0.875763
1717,1211803,0.875763
1718,1211803,0.875763
1719,1211803,0.875763
1720,1211803,0.867005
1721,1211803,0.867005
1722,1211748,0.867005
1723,1211748,0.867005
1724,1211302,0.867005
1725,1211302,0.867005
1726,1211302,0.867005
1727,1211302,0.867005
1728,1211302,0.867005
1729,1211302,0.867005
1730,1210946,0.858335
1731,1210946,0.858335
1732,1210946,0.858335
1733,1210946,0.858335
1734,1210946,0.858335
1735,1210946,0.858335
1736,1210944,0.858335
1737,1210944,0.858335
1738,1210624,0.858335
1739,1210410,0.858335
1740,1210161,0.815418
1741,1210087,0.815418
1742,1210087,0.815418
1743,1209758,0.815418
1744,1209758,0.815418
1745,1209758,0.815418
1746,1209758,0.815418
1747,1209692,0.815418
1748,1209692,0.815418
1749,1209692,0.815418
1750,1209692,0.774648
1751,1209692,0.774648
1752,1209692,0.774648
1753,1209692,0.774648
1754,1208951,0.774648
1755,1208564,0.774648
1756,1208564,0.774648
1757,1208564,0.774648
1758,1208564,0.774648
1759,1208126,0.774648
1760,1208126,0.766901
1761,1207703,0.766901
1762,1207703,0.766901
1763,1207619,0.766901
1764,1207538,0.766901
1765,1207538,0.766901
1766,1207538,0.766901
1767,1207538,0.766901
1768,1207466,0.766901
1769,1207103,0.766901
1770,1207103,0.728556
1771,1207103,0.728556
1772,1206947,0.728556
1773,1206947,0.728556
1774,1206947,0.728556
1775,1206811,0.728556
1776,1206335,0.728556
1777,1206335,0.728556
1778,1206335,0.728556
1779,1206335,0.728556
1780,1206335,0.692128
1781,1206335,0.692128
1782,1206284,0.692128
1783,1206284,0.692128
1784,1206284,0.692128
1785,1206281,0.692128
1786,1206219,0.692128
1787,1206021,0.692128
1788,1206021,0.692128
1789,1206021,0.692128
1790,1206021,0.657522
1791,1206021,0.657522
1792,1206021,0.657522
1793,1206021,0.657522
1794,1206021,0.657522
1795,1206021,0.657522
1796,1206021,0.657522
1797,1206021,0.657522
1798,1206021,0.657522
1799,1205490,0.657522
1800,1205490,0.650947
1801,1205134,0.650947
1802,1205134,0.650947
1803,1205134,0.650947
1804,1205134,0.650947
1805,1205134,0.650947
1806,1205134,0.650947
1807,1204891,0.650947
1808,1204891,0.650947
1809,1204891,0.650947
1810,1204891,0.644437
1811,1204891,0.644437
1812,1204891,0.644437
1813,1204891,0.644437
1814,1204891,0.644437
1815,1204891,0.644437
1816,1204891,0.644437
1817,1204891,0.644437
1818,1204763,0.644437
1819,1204763,0.644437
1820,1204743,0.637993
1821,1204743,0.637993
1822,1204743,0.637993
1823,1204743,0.637993
1824,1204743,0.637993
1825,1204743,0.637993
1826,1204048,0.637993
1827,1204048,0.637993
1828,1204048,0.637993
1829,1204048,0.637993
1830,1204048,0.631613
1831,1204048,0.631613
1832,1204048,0.631613
1833,1204048,0.631613
1834,1204048,0.631613
1835,1204048,0.631613
1836,1204048,0.631613
1837,1203848,0.631613
1838,1203848,0.631613
1839,1203848,0.631613
1840,1203848,0.625297
1841,1203848,0.625297
1842,1203710,0.625297
1843,1203434,0.625297
1844,1203434,0.625297
1845,1203434,0.625297
1846,1203434,0.625297
1847,1203434,0.625297
1848,1203434,0.625297
1849,1203359,0.625297
1850,1203359,0.619044
1851,1203359,0.619044
1852,1203359,0.619044
1853,1203315,0.619044
1854,1203155,0.619044
1855,1202373,0.619044
1856,1202373,0.619044
1857,1202373,0.619044
1858,1202275,0.619044
1859,1202275,0.619044
1860,1202275,0.588092
1861,1201982,0.588092
1862,1201982,0.588092
1863,1201982,0.588092
1864,1201982,0.588092
1865,1201982,0.588092
1866,1201909,0.588092
1867,1201909,0.588092
1868,1201780,0.588092
1869,1201780,0.588092
1870,1201780,0.582211
1871,1201478,0.582211
1872,1201478,0.582211
1873,1201404,0.582211
1874,1201404,0.582211
1875,1201404,0.582211
1876,1201404,0.582211
1877,1201404,0.582211
1878,1201318,0.582211
1879,1201049,0.582211
1880,1200742,0.5531
1881,1200742,0.5531
1882,1200742,0.5531
1883,1200742,0.5531
1884,1200742,0.5531
1885,1200742,0.5531
1886,1200643,0.5531
1887,1200103,0.5531
1888,1200103,0.5531
1889,1200103,0.5531
1890,1200103,0.525445
1891,1200103,0.525445
1892,1200103,0.525445
1893,1200103,0.525445
1894,1200103,0.525445
1895,1200103,0.525445
1896,1200103,0.525445
1897,1200103,0.525445
1898,1200056,0.525445
1899,1200056,0.525445
1900,1200056,0.520191
1901,1200056,0.520191
1902,1200056,0.520191
1903,1200056,0.520191
1904,1200056,0.520191
1905,1200056,0.520191
1906,1200056,0.520191
1907,1200056,0.520191
1908,1200056,0.520191
1909,1200056,0.520191
1910,1200056,0.780286
1911,1200056,0.780286
1912,1200056,0.780286
1913,1200056,0.780286
1914,1200056,0.780286
1915,1200056,0.780286
1916,1200056,0.780286
1917,1199864,0.780286
1918,1199384,0.780286
1919,1199384,0.780286
1920,1199384,0.772483
1921,1199384,0.772483
1922,1199384,0.772483
1923,1199172,0.772483
1924,1199172,0.772483
1925,1199172,0.772483
1926,1199172,0.772483
1927,1199172,0.772483
1928,1199172,0.772483
1929,1199172,0.772483
1930,1199172,0.764758
1931,1198860,0.764758
1932,1198860,0.764758
1933,1198837,0.764758
1934,1198765,0.764758
1935,1198655,0.764758
1936,1198608,0.764758
1937,1198478,0.764758
1938,1198471,0.764758
1939,1198471,0.764758
1940,1198471,0.69593
1941,1198471,0.69593
1942,1198115,0.69593
1943,1197900,0.69593
1944,1197588,0.69593
1945,1197381,0.69593
1946,1197122,0.69593
1947,1196907,0.69593
1948,1196907,0.69593
1949,1196802,0.69593
1950,1196802,0.633296
1951,1196802,0.633296
1952,1196802,0.633296
1953,1196802,0.633296
1954,1196802,0.633296
1955,1196802,0.633296
1956,1196802,0.633296
1957,1196802,0.633296
1958,1196802,0.633296
1959,1196764,0.633296
1960,1196764,0.626963
1961,1196764,0.626963
1962,1196764,0.626963
1963,1196764,0.626963
1964,1196551,0.626963
1965,1196551,0.626963
1966,1196548,0.626963
1967,1196548,0.626963
1968,1196548,0.626963
1969,1196518,0.626963
1970,1196518,0.620694
1971,1195633,0.620694
1972,1195633,0.620694
1973,1195633,0.620694
1974,1195633,0.620694
1975,1195633,0.620694
1976,1195633,0.620694
1977,1195460,0.620694
1978,1195460,0.620694
1979,1195460,0.620694
1980,1195460,0.614487
1981,1195460,0.614487
1982,1195446,0.614487
1983,1195446,0.614487
1984,1195446,0.614487
1985,1195446,0.614487
1986,1195446,0.614487
1987,1195446,0.614487
1988,1195446,0.614487
1989,1195446,0.614487
1990,1195446,0.608342
1991,1195446,0.608342
1992,1195071,0.608342
1993,1195071,0.608342
1994,1195071,0.608342
1995,1194730,0.608342
1996,1194730,0.608342
1997,1194730,0.608342
1998,1194730,0.608342
1999,1194730,0.608342
2000,1194691,0.602258
2001,1194691,0.602258
2002,1194691,0.602258
2003,1194462,0.602258
2004,1194332,0.602258
2005,1194300,0.602258
2006,1194198,0.602258
2007,1194198,0.602258
2008,1194198,0.602258
2009,1194198,0.602258
2010,1194198,0.572146
2011,1194145,0.572146
2012,1193831,0.572146
2013,1193831,0.572146
2014,1193831,0.572146
2015,1193484,0.572146
2016,1193484,0.572146
2017,1193405,0.572146
2018,1193405,0.572146
2019,1193405,0.572146
2020,1193281,0.543538
2021,1193281,0.543538
2022,1193169,0.543538
2023,1193169,0.543538
2024,1193160,0.543538
2025,1193139,0.543538
2026,1192743,0.543538
2027,1192743,0.543538
2028,1192743,0.543538
2029,1192743,0.543538
2030,1192743,0.516361
2031,1192743,0.516361
2032,1192743,0.516361
2033,1192743,0.516361
2034,1192743,0.516361
2035,1192743,0.516361
2036,1192743,0.516361
2037,1192743,0.516361
2038,1192743,0.516361
2039,1192743,0.516361
2040,1192164,0.774542
2041,1192164,0.774542
2042,1192164,0.774542
2043,1192164,0.774542
2044,1192164,0.774542
2045,1192164,0.774542
2046,1192164,0.774542
2047,1192164,0.774542
2048,1191828,0.774542
2049,1191828,0.774542
2050,1191828,0.766797
2051,1191828,0.766797
2052,1191828,0.766797
2053,1191828,0.766797
2054,1191828,0.766797
2055,1191828,0.766797
2056,1191828,0.766797
2057,1191828,0.766797
2058,1191828,0.766797
2059,1191828,0.766797
2060,1191600,0.759129
2061,1191600,0.759129
2062,1191600,0.759129
2063,1191600,0.759129
2064,1191600,0.759129
2065,1191600,0.759129
2066,1191600,0.759129
2067,1191600,0.759129
2068,1191600,0.759129
2069,1191600,0.759129
2070,1191600,0.751537
2071,1191600,0.751537
2072,1191439,0.751537
2073,1191434,0.751537
2074,1191434,0.751537
2075,1191434,0.751537
2076,1191434,0.751537
2077,1191434,0.751537
2078,1191434,0.751537
2079,1191434,0.751537
2080,1191314,0.744022
2081,1191314,0.744022
2082,1191247,0.744022
2083,1191247,0.744022
2084,1191247,0.744022
2085,1191247,0.744022
2086,1191247,0.744022
2087,1191247,0.744022
2088,1190487,0.744022
2089,1190487,0.744022
2090,1190469,0.736582
2091,1190469,0.736582
2092,1190469,0.736582
2093,1190469,0.736582
2094,1190469,0.736582
2095,1190469,0.736582
2096,1190469,0.736582
2097,1190469,0.736582
2098,1190469,0.736582
2099,1190007,0.736582
2100,1190007,0.729216
2101,1190007,0.729216
2102,1189655,0.729216
2103,1189655,0.729216
2104,1189087,0.729216
2105,1189038,0.729216
2106,1189038,0.729216
2107,1189038,0.729216
2108,1189038,0.729216
2109,1189038,0.729216
2110,1189038,0.721924
2111,1189038,0.721924
2112,1189038,0.721924
2113,1189038,0.721924
2114,1188603,0.721924
2115,1188603,0.721924
2116,1188603,0.721924
2117,1188603,0.721924
2118,1188455,0.721924
2119,1188161,0.721924
2120,1188122,0.714705
2121,1188122,0.714705
2122,1188122,0.714705
2123,1188122,0.714705
2124,1188122,0.714705
2125,1188122,0.714705
2126,1188122,0.714705
2127,1188122,0.714705
2128,1187811,0.714705
2129,1187811,0.714705
2130,1187811,0.707558
2131,1187811,0.707558
2132,1187811,0.707558
2133,1187245,0.707558
2134,1187079,0.707558
2135,1187079,0.707558
2136,1187079,0.707558
2137,1186953,0.707558
2138,1186953,0.707558
2139,1186841,0.707558
2140,1186510,0.67218
2141,1185781,0.67218
2142,1185781,0.67218
2143,1185076,0.67218
2144,1185076,0.67218
2145,1185076,0.67218
2146,1185076,0.67218
2147,1185076,0.67218
2148,1185076,0.67218
2149,1185076,0.67218
2150,1185076,0.665458
2151,1185076,0.665458
2152,1185076,0.665458
2153,1185041,0.665458
2154,1185037,0.665458
2155,1185037,0.665458
2156,1185037,0.665458
2157,1185037,0.665458
2158,1184839,0.665458
2159,1184839,0.665458
2160,1184621,0.658803
2161,1184621,0.658803
2162,1184417,0.658803
2163,1184417,0.658803
2164,1184417,0.658803
2165,1184417,0.658803
2166,1184417,0.658803
2167,1184417,0.658803
2168,1184417,0.658803
2169,1184417,0.658803
2170,1184065,0.652215
2171,1184065,0.652215
2172,1184065,0.652215
2173,1184065,0.652215
2174,1184065,0.652215
2175,1184065,0.652215
2176,1184065,0.652215
2177,1184065,0.652215
2178,1184065,0.652215
2179,1183843,0.652215
2180,1183843,0.645693
2181,1183843,0.645693
2182,1183843,0.645693
2183,1183546,0.645693
2184,1183530,0.645693
2185,1183506,0.645693
2186,1183506,0.645693
2187,1183506,0.645693
2188,1183506,0.645693
2189,1183506,0.645693
2190,1183506,0.639236
2191,1183506,0.639236
2192,1183506,0.639236
2193,1183094,0.639236
2194,1183094,0.639236
2195,1183094,0.639236
2196,1183094,0.639236
2197,1182912,0.639236
2198,1182912,0.639236
2199,1182912,0.639236
2200,1182912,0.632844
2201,1182912,0.632844
2202,1182912,0.632844
2203,1182912,0.632844
2204,1182912,0.632844
2205,1182912,0.632844
2206,1182912,0.632844
2207,1182912,0.632844
2208,1182912,0.632844
2209,1182912,0.632844
2210,1182768,0.626515
2211,1182768,0.626515
2212,1182768,0.626515
2213,1182768,0.626515
2214,1182710,0.626515
2215,1182401,0.626515
2216,1182401,0.626515
2217,1182401,0.626515
2218,1182401,0.626515
2219,1182401,0.626515
2220,1182401,0.62025
2221,1182401,0.62025
2222,1182401,0.62025
2223,1182392,0.62025
2224,1181840,0.62025
2225,1181840,0.62025
2226,1181840,0.62025
2227,1181840,0.62025
2228,1181360,0.62025
2229,1181360,0.62025
2230,1181246,0.589238
2231,1180718,0.589238
2232,1180718,0.589238
2233,1180514,0.589238
2234,1180514,0.589238
2235,1180514,0.589238
2236,1180162,0.589238
2237,1180162,0.589238
2238,1180162,0.589238
2239,1180162,0.589238
2240,1180162,0.559776
2241,1180162,0.559776
2242,1180162,0.559776
2243,1180110,0.559776
2244,1180110,0.559776
2245,1180110,0.559776
2246,1180110,0.559776
2247,1180110,0.559776
2248,1180011,0.559776
2249,1180011,0.559776
2250,1180011,0.554178
2251,1180011,0.554178
2252,1180011,0.554178
2253,1180011,0.554178
2254,1180011,0.554178
2255,1180011,0.554178
2256,1180011,0.554178
2257,1180011,0.554178
2258,1179822,0.554178
2259,1179822,0.554178
2260,1179794,0.548636
2261,1179436,0.548636
2262,1179436,0.548636
2263,1179436,0.548636
2264,1179436,0.548636
2265,1179128,0.548636
2266,1178919,0.548636
2267,1178871,0.548636
2268,1178775,0.548636
2269,1177895,0.548636
2270,1177895,0.499259
2271,1177715,0.499259
2272,1177715,0.499259
2273,1177715,0.499259
2274,1177703,0.499259
2275,1177703,0.499259
2276,1177703,0.499259
2277,1177703,0.499259
2278,1177595,0.499259
2279,1177591,0.499259
2280,1177591,0.474296
2281,1177591,0.474296
2282,1177443,0.474296
2283,1177172,0.474296
2284,1177172,0.474296
2285,1177172,0.474296
2286,1177172,0.474296
2287,1177172,0.474296
2288,1177172,0.474296
2289,1177172,0.474296
2290,1176957,0.469553
2291,1176957,0.469553
2292,1176957,0.469553
2293,1176957,0.469553
2294,1176957,0.469553
2295,1176957,0.469553
2296,1176957,0.469553
2297,1176957,0.469553
2298,1176352,0.469553
2299,1176352,0.469553
2300,1176352,0.464858
2301,1176123,0.464858
2302,1176123,0.464858
2303,1176123,0.464858
2304,1176123,0.464858
2305,1176123,0.464858
2306,1176123,0.464858
2307,1176123,0.464858
2308,1176123,0.464858
2309,1176123,0.464858
2310,1176123,0.460209
2311,1176123,0.460209
2312,1176123,0.460209
2313,1176123,0.460209
2314,1176123,0.460209
2315,1176123,0.460209
2316,1176123,0.460209
2317,1176123,0.460209
2318,1175901,0.460209
2319,1175901,0.460209
2320,1175901,0.455607
2321,1175901,0.455607
2322,1175901,0.455607
2323,1175628,0.455607
2324,1175362,0.455607
2325,1175362,0.455607
2326,1175352,0.455607
2327,1175352,0.455607
2328,1175352,0.455607
2329,1175352,0.455607
2330,1175352,0.451051
2331,1175352,0.451051
2332,1175352,0.451051
2333,1175079,0.451051
2334,1175014,0.451051
2335,1175014,0.451051
2336,1175014,0.451051
2337,1175014,0.451051
2338,1175014,0.451051
2339,1175014,0.451051
2340,1174738,0.44654
2341,1174738,0.44654
2342,1174738,0.44654
2343,1174738,0.44654
2344,1174738,0.44654
2345,1174738,0.44654
2346,1174410,0.44654
2347,1174410,0.44654
2348,1174050,0.44654
2349,1174050,0.44654
2350,1173874,0.442075
2351,1173874,0.442075
2352,1173874,0.442075
2353,1173809,0.442075
2354,1173809,0.442075
2355,1173809,0.442075
2356,1173809,0.442075
2357,1173258,0.442075
2358,1173258,0.442075
2359,1173258,0.442075
2360,1173258,0.437654
2361,1173068,0.437654
2362,1173068,0.437654
2363,1172922,0.437654
2364,1172541,0.437654
2365,1172541,0.437654
2366,1172541,0.437654
2367,1172541,0.437654
2368,1172541,0.437654
2369,1172541,0.437654
2370,1172540,0.433278
2371,1172540,0.433278
2372,1172540,0.433278
2373,1172540,0.433278
2374,1172540,0.433278
2375,1172540,0.433278
2376,1172463,0.433278
2377,1172463,0.433278
2378,1172463,0.433278
2379,1172463,0.433278
2380,1172463,0.428945
2381,1172463,0.428945
2382,1172463,0.428945
2383,1172367,0.428945
2384,1172367,0.428945
2385,1172367,0.428945
2386,1172367,0.428945
2387,1172367,0.428945
2388,1172367,0.428945
2389,1172367,0.428945
2390,1172367,0.424655
2391,1172367,0.424655
2392,1172307,0.424655
2393,1172307,0.424655
2394,1172307,0.424655
2395,1172245,0.424655
2396,1172245,0.424655
2397,1172245,0.424655
2398,1172245,0.424655
2399,1172245,0.424655
2400,1172245,0.420409
2401,1172245,0.420409
2402,1172245,0.420409
2403,1172245,0.420409
2404,1172086,0.420409
2405,1172086,0.420409
2406,1172086,0.420409
2407,1172086,0.420409
2408,1172086,0.420409
2409,1172086,0.420409
2410,1172086,0.416205
2411,1172086,0.416205
2412,1172086,0.416205
2413,1172086,0.416205
2414,1172086,0.416205
2415,1172086,0.416205
2416,1172086,0.416205
2417,1171806,0.416205
2418,1171806,0.416205
2419,1171624,0.416205
2420,1171196,0.412043
2421,1171050,0.412043
2422,1171050,0.412043
2423,1170892,0.412043
2424,1170892,0.412043
2425,1170892,0.412043
2426,1170892,0.412043
2427,1170892,0.412043
2428,1170892,0.412043
2429,1170892,0.412043
2430,1170892,0.391441
2431,1170706,0.391441
2432,1170706,0.391441
2433,1170706,0.391441
2434,1170706,0.391441
2435,1170606,0.391441
2436,1170606,0.391441
2437,1170497,0.391441
2438,1170497,0.391441
2439,1170404,0.391441
2440,1170404,0.371869
2441,1170404,0.371869
2442,1170086,0.371869
2443,1170086,0.371869
2444,1170086,0.371869
2445,1170086,0.371869
2446,1170086,0.371869
2447,1169869,0.371869
2448,1169745,0.371869
2449,1169745,0.371869
2450,1169542,0.36815
2451,1169542,0.36815
2452,1169542,0.36815
2453,1169518,0.36815
2454,1169518,0.36815
2455,1169518,0.36815
2456,1169518,0.36815
2457,1169518,0.36815
2458,1169518,0.36815
2459,1169518,0.36815
2460,1169230,0.364468
2461,1169230,0.364468
2462,1169230,0.364468
2463,1169230,0.364468
2464,1169230,0.364468
2465,1169230,0.364468
2466,1169230,0.364468
2467,1169230,0.364468
2468,1169230,0.364468
2469,1169230,0.364468
2470,1169230,0.360824
2471,1169230,0.360824
2472,1169230,0.360824
2473,1169230,0.360824
2474,1169230,0.360824
2475,1169230,0.360824
2476,1169230,0.360824
2477,1169230,0.360824
2478,1169230,0.360824
2479,1169230,0.360824
2480,1169230,0.357215
2481,1169230,0.357215
2482,1169131,0.357215
2483,1169131,0.357215
2484,1169131,0.357215
2485,1169131,0.357215
2486,1169131,0.357215
2487,1169131,0.357215
2488,1169131,0.357215
2489,1169131,0.357215
2490,1169131,0.353643
2491,1169131,0.353643
2492,1169131,0.353643
2493,1169131,0.353643
2494,1169131,0.353643
2495,1169131,0.353643
2496,1169131,0.353643
2497,1169131,0.353643
2498,1169131,0.353643
2499,1169131,0.353643
2500,1169131,0.350107
2501,1168881,0.350107
2502,1168881,0.350107
2503,1168881,0.350107
2504,1168881,0.350107
2505,1168881,0.350107
2506,1168881,0.350107
2507,1168881,0.350107
2508,1168881,0.350107
2509,1168846,0.350107
2510,1168846,0.346606
2511,1168330,0.346606
2512,1168330,0.346606
2513,1168330,0.346606
2514,1168226,0.346606
2515,1168226,0.346606
2516,1168226,0.346606
2517,1168226,0.346606
2518,1168226,0.346606
2519,1168112,0.346606
2520,1167988,0.329275
2521,1167988,0.329275
2522,1167198,0.329275
2523,1167198,0.329275
2524,1167147,0.329275
2525,1167147,0.329275
2526,1167147,0.329275
2527,1167147,0.329275
2528,1167147,0.329275
2529,1167147,0.329275
2530,1166946,0.325983
2531,1166946,0.325983
2532,1166946,0.325983
2533,1166946,0.325983
2534,1166946,0.325983
2535,1166946,0.325983
2536,1166822,0.325983
2537,1166472,0.325983
2538,1166472,0.325983
2539,1166472,0.325983
2540,1166350,0.322723
2541,1166350,0.322723
2542,1166350,0.322723
2543,1166350,0.322723
2544,1165630,0.322723
2545,1165630,0.322723
2546,1165611,0.322723
2547,1165611,0.322723
2548,1165611,0.322723
2549,1165611,0.322723
2550,1165611,0.319496
2551,1165611,0.319496
2552,1165489,0.319496
2553,1165489,0.319496
2554,1165089,0.319496
2555,1165032,0.319496
2556,1165032,0.319496
2557,1165032,0.319496
2558,1165032,0.319496
2559,1164837,0.319496
2560,1164837,0.303521
2561,1164837,0.303521
2562,1164837,0.303521
2563,1164837,0.303521
2564,1164744,0.303521
2565,1164744,0.303521
2566,1164744,0.303521
2567,1164744,0.303521
2568,1164672,0.303521
2569,1164602,0.303521
2570,1164560,0.300486
2571,1164560,0.300486
2572,1164047,0.300486
2573,1164047,0.300486
2574,1164019,0.300486
2575,1164019,0.300486
2576,1164019,0.300486
2577,1164019,0.300486
2578,1163865,0.300486
2579,1163865,0.300486
2580,1163865,0.285461
2581,1163865,0.285461
2582,1163865,0.285461
2583,1163847,0.285461
2584,1163847,0.285461
2585,1163847,0.285461
2586,1163847,0.285461
2587,1163491,0.285461
2588,1163491,0.285461
2589,1163195,0.285461
2590,1163195,0.282607
2591,1162994,0.282607
2592,1162994,0.282607
2593,1162994,0.282607
2594,1162994,0.282607
2595,1162994,0.282607
2596,1162994,0.282607
2597,1162994,0.282607
2598,1162994,0.282607
2599,1162759,0.282607
2600,1162759,0.279781
2601,1162759,0.279781
2602,1162759,0.279781
2603,1162759,0.279781
2604,1162641,0.279781
2605,1162641,0.279781
2606,1162573,0.279781
2607,1162573,0.279781
2608,1162573,0.279781
2609,1162573,0.279781
2610,1162573,0.276983
2611,1162573,0.276983
2612,1162573,0.276983
2613,1162573,0.276983
2614,1162435,0.276983
2615,1162435,0.276983
2616,1162435,0.276983
2617,1162435,0.276983
2618,1161855,0.276983
2619,1161570,0.276983
2620,1161570,0.274213
2621,1161570,0.274213
2622,1161570,0.274213
2623,1161451,0.274213
2624,1161451,0.274213
2625,1160931,0.274213
2626,1160548,0.274213
2627,1160548,0.274213
2628,1160530,0.274213
2629,1160530,0.274213
2630,1160530,0.260502
2631,1160530,0.260502
2632,1160530,0.260502
2633,1160530,0.260502
2634,1160469,0.260502
2635,1160469,0.260502
2636,1160469,0.260502
2637,1160469,0.260502
2638,1160469,0.260502
2639,1160304,0.260502
2640,1160304,0.257897
2641,1160008,0.257897
2642,1159986,0.257897
2643,1159658,0.257897
2644,1159658,0.257897
2645,1159658,0.257897
2646,1159583,0.257897
2647,1159583,0.257897
2648,1159583,0.257897
2649,1159509,0.257897
2650,1159509,0.245003
2651,1159509,0.245003
2652,1159509,0.245003
2653,1159509,0.245003
2654,1159509,0.245003
2655,1159509,0.245003
2656,1159509,0.245003
2657,1159509,0.245003
2658,1159509,0.245003
2659,1159509,0.245003
2660,1159509,0.242553
2661,1159509,0.242553
2662,1159509,0.242553
2663,1159509,0.242553
2664,1158987,0.242553
2665,1158987,0.242553
2666,1158812,0.242553
2667,1158812,0.242553
2668,1158812,0.242553
2669,1158812,0.242553
2670,1158812,0.230425
2671,1158812,0.230425
2672,1158812,0.230425
2673,1158758,0.230425
2674,1158758,0.230425
2675,1158758,0.230425
2676,1158758,0.230425
2677,1158758,0.230425
2678,1158758,0.230425
2679,1158350,0.230425
2680,1158350,0.228121
2681,1158291,0.228121
2682,1158291,0.228121
2683,1158291,0.228121
2684,1158107,0.228121
2685,1158025,0.228121
2686,1158025,0.228121
2687,1157815,0.228121
2688,1157815,0.228121
2689,1157815,0.228121
